col,file,locale,slug,url,noindex,draft,title,impr,clk,pos,action,reason
blog,10-amazon-fba-fehler-anfaenger-2026.mdx,de,10-amazon-fba-fehler-anfaenger-2026,/de/blog/10-amazon-fba-fehler-anfaenger-2026/,False,False,"10 Amazon FBA Fehler, die Anfänger 2026 Tausende kosten",1,0,11.0,KEEP,editorial
blog,10-amazon-fba-mistakes-2026.mdx,en,10-amazon-fba-mistakes-2026,/blog/10-amazon-fba-mistakes-2026/,False,False,10 Amazon FBA Mistakes That Cost Beginners Thousands in 2026,35,0,7.9,KEEP,editorial
blog,abmahnung-amazon-seller-was-tun-2026.mdx,de,abmahnung-amazon-seller-was-tun-2026,/de/blog/abmahnung-amazon-seller-was-tun-2026/,False,False,Abmahnung als Amazon-Seller: Was du jetzt tun musst (2026),0,0,,KEEP,editorial
blog,acos-amazon-o-que-e-como-reduzir-2026.mdx,br,acos-amazon-o-que-e-como-reduzir-2026,/br/blog/acos-amazon-o-que-e-como-reduzir-2026/,False,False,ACoS na Amazon: o que é e como reduzir em 2026,0,0,,NOINDEX,locale-pilot
blog,acos-amazon-que-es-como-bajarlo-2026.mdx,mx,acos-amazon-que-es-como-bajarlo-2026,/mx/blog/acos-amazon-que-es-como-bajarlo-2026/,False,False,ACoS en Amazon: qué es y cómo bajarlo en 2026,0,0,,NOINDEX,locale-pilot
blog,ai-instrumenty-amazon-prodavcov-2026.mdx,ru,ai-instrumenty-amazon-prodavcov-2026,/ru/blog/ai-instrumenty-amazon-prodavcov-2026/,False,False,AI-инструменты для продавцов Amazon в 2026,0,0,,KEEP,editorial
blog,ai-vs-agency-amazon-ppc-case-study-basecamp-roasters.mdx,en,ai-vs-agency-amazon-ppc-case-study-basecamp-roasters,/blog/ai-vs-agency-amazon-ppc-case-study-basecamp-roasters/,False,False,AI vs Agency Amazon PPC: Basecamp Roasters Case Study,14,0,3.4,KEEP,explicit-keep
blog,ai-vs-manual-amazon-ppc-case-study-tropeza.mdx,en,ai-vs-manual-amazon-ppc-case-study-tropeza,/blog/ai-vs-manual-amazon-ppc-case-study-tropeza/,False,False,"AI vs Manual Amazon PPC: A Real Case Study (Tropeza, 2024)",44,0,6.5,KEEP,explicit-keep
blog,amazon-acos-guide-2026.mdx,en,amazon-acos-guide-2026,/blog/amazon-acos-guide-2026/,False,False,Amazon ACoS Explained: What It Is and How to Lower It,596,0,41.6,KEEP,editorial
blog,amazon-acos-rukovodstvo-2026.mdx,ru,amazon-acos-rukovodstvo-2026,/ru/blog/amazon-acos-rukovodstvo-2026/,False,False,Amazon ACoS: что это и как снизить в 2026,0,0,,KEEP,editorial
blog,amazon-acos-senken-7-massnahmen.mdx,de,amazon-acos-senken-7-massnahmen,/de/blog/amazon-acos-senken-7-massnahmen/,False,False,Amazon ACoS senken — 7 konkrete Maßnahmen,0,0,,KEEP,editorial
blog,amazon-acos-shi-shenme-2026.mdx,zh,amazon-acos-shi-shenme-2026,/zh/blog/amazon-acos-shi-shenme-2026/,False,False,亚马逊 ACoS 是什么，2026 年如何降低它,0,0,,NOINDEX,locale-pilot
blog,amazon-acos-toha-2026.mdx,ja,amazon-acos-toha-2026,/ja/blog/amazon-acos-toha-2026/,False,False,Amazon ACoSとは？意味・計算・下げ方の完全ガイド2026,0,0,,NOINDEX,locale-pilot
blog,amazon-ae-vs-noon-sellers-2026.mdx,ae,amazon-ae-vs-noon-sellers-2026,/ae/blog/amazon-ae-vs-noon-sellers-2026/,False,False,Amazon.ae vs noon in 2026: Where Should You Actually Sell?,0,0,,NOINDEX,locale-pilot
blog,amazon-bewertungen-legal-kaufen-vine.mdx,de,amazon-bewertungen-legal-kaufen-vine,/de/blog/amazon-bewertungen-legal-kaufen-vine/,False,False,Amazon Bewertungen legal kaufen: der Vine-Fehler,1,0,18.0,KEEP,editorial
blog,amazon-brand-registry-benefits-2026.mdx,en,amazon-brand-registry-benefits-2026,/blog/amazon-brand-registry-benefits-2026/,False,False,Amazon Brand Registry: 8 Benefits You Get After Enrolling,5,0,6.8,KEEP,editorial
blog,amazon-brand-registry-mexico-impi-2026.mdx,mx,amazon-brand-registry-mexico-impi-2026,/mx/blog/amazon-brand-registry-mexico-impi-2026/,False,False,Amazon Brand Registry México: registra tu marca (IMPI) en 20,0,0,,NOINDEX,locale-pilot
blog,amazon-brand-registry-preimuschestva-2026.mdx,ru,amazon-brand-registry-preimuschestva-2026,/ru/blog/amazon-brand-registry-preimuschestva-2026/,False,False,Amazon Brand Registry: 8 преимуществ после регистрации,7,0,18.1,KEEP,editorial
blog,amazon-brand-registry-rukovodstvo-2026.mdx,ru,amazon-brand-registry-rukovodstvo-2026,/ru/blog/amazon-brand-registry-rukovodstvo-2026/,False,False,Amazon Brand Registry: зачем и как получить,41,1,18.4,KEEP,editorial
blog,amazon-customer-obsession-sellers.mdx,en,amazon-customer-obsession-sellers,/blog/amazon-customer-obsession-sellers/,False,False,Amazon's 'Customer Obsession': What It Really Means for Sell,0,0,,KEEP,editorial
blog,amazon-de-vs-amazon-com-differences.mdx,en,amazon-de-vs-amazon-com-differences,/blog/amazon-de-vs-amazon-com-differences/,False,False,Amazon.de vs Amazon.com — Five Differences That Matter,91,0,8.5,KEEP,editorial
blog,amazon-de-vs-amazon-com-unterschiede.mdx,de,amazon-de-vs-amazon-com-unterschiede,/de/blog/amazon-de-vs-amazon-com-unterschiede/,False,False,"Amazon.de vs. Amazon.com — fünf Unterschiede, die zählen",4,0,5.2,KEEP,editorial
blog,amazon-europe-dlja-prodavcov-sng-2026.mdx,ru,amazon-europe-dlja-prodavcov-sng-2026,/ru/blog/amazon-europe-dlja-prodavcov-sng-2026/,False,False,Amazon Europe для продавцов из СНГ в 2026,9,1,7.3,KEEP,editorial
blog,amazon-fba-before-product-research.mdx,en,amazon-fba-before-product-research,/blog/amazon-fba-before-product-research/,False,False,Amazon FBA Setup: 3 Steps Before Product Research,6,0,5.2,KEEP,editorial
blog,amazon-fba-buchhaltung-deutschland.mdx,de,amazon-fba-buchhaltung-deutschland,/de/blog/amazon-fba-buchhaltung-deutschland/,False,False,Amazon FBA Buchhaltung in Deutschland — der Praxisguide,279,0,57.2,KEEP,editorial
blog,amazon-fba-categories-to-avoid-2026.mdx,en,amazon-fba-categories-to-avoid-2026,/blog/amazon-fba-categories-to-avoid-2026/,False,False,7 Amazon FBA Categories to Avoid in 2026 (Don't Start Here),1,0,10.0,KEEP,editorial
blog,amazon-fba-cuowu-10-2026.mdx,zh,amazon-fba-cuowu-10-2026,/zh/blog/amazon-fba-cuowu-10-2026/,False,False,2026年让新手损失上万美元的10个Amazon FBA错误,0,0,,NOINDEX,locale-pilot
blog,amazon-fba-deutschland-starten-2026.mdx,de,amazon-fba-deutschland-starten-2026,/de/blog/amazon-fba-deutschland-starten-2026/,False,False,Amazon FBA in Deutschland starten 2026 — der ehrliche Leitfa,36,0,5.2,KEEP,editorial
blog,amazon-fba-fees-calculator-uae-2026.mdx,ae,amazon-fba-fees-calculator-uae-2026,/ae/blog/amazon-fba-fees-calculator-uae-2026/,False,False,Amazon FBA Fees in the UAE: Calculator Guide in AED (2026),0,0,,NOINDEX,locale-pilot
blog,amazon-fba-import-china-deutschland-2026.mdx,de,amazon-fba-import-china-deutschland-2026,/de/blog/amazon-fba-import-china-deutschland-2026/,False,False,Amazon FBA Import aus China nach Deutschland — Anleitung,23,0,18.8,KEEP,editorial
blog,amazon-fba-import-china-guide-2026.mdx,en,amazon-fba-import-china-guide-2026,/blog/amazon-fba-import-china-guide-2026/,False,False,Amazon FBA Import from China — Step-by-Step Guide 2026,3,0,8.7,KEEP,editorial
blog,amazon-fba-inventory-management-2026.mdx,en,amazon-fba-inventory-management-2026,/blog/amazon-fba-inventory-management-2026/,False,False,Amazon FBA Inventory Management: Avoid Fees and Stock Smarte,4,0,25.2,KEEP,editorial
blog,amazon-fba-iz-rossii-instruktsija-2026.mdx,ru,amazon-fba-iz-rossii-instruktsija-2026,/ru/blog/amazon-fba-iz-rossii-instruktsija-2026/,False,False,Amazon FBA из России: пошаговая инструкция 2026,1,0,8.0,KEEP,editorial
blog,amazon-fba-kategorien-vermeiden-2026.mdx,de,amazon-fba-kategorien-vermeiden-2026,/de/blog/amazon-fba-kategorien-vermeiden-2026/,False,False,"7 Amazon FBA Kategorien, die du 2026 meiden solltest",2,0,7.5,KEEP,editorial
blog,amazon-fba-kazahstan-gruzija-2026.mdx,ru,amazon-fba-kazahstan-gruzija-2026,/ru/blog/amazon-fba-kazahstan-gruzija-2026/,False,False,Amazon FBA из Казахстана и Грузии в 2026,0,0,,KEEP,editorial
blog,amazon-fba-kosten-2026-deutschland.mdx,de,amazon-fba-kosten-2026-deutschland,/de/blog/amazon-fba-kosten-2026-deutschland/,False,False,Amazon FBA Kosten 2026 in Deutschland — die ehrliche Rechnun,21,0,6.8,KEEP,editorial
blog,amazon-fba-nalogi-prodavec-sng-2026.mdx,ru,amazon-fba-nalogi-prodavec-sng-2026,/ru/blog/amazon-fba-nalogi-prodavec-sng-2026/,False,False,Amazon FBA налоги: что платить продавцу из СНГ,5,0,17.4,KEEP,editorial
blog,amazon-fba-niches-2026.mdx,en,amazon-fba-niches-2026,/blog/amazon-fba-niches-2026/,False,False,9 Amazon FBA Niches for 2026 With Room to Win,746,0,10.8,KEEP,editorial
blog,amazon-fba-nischen-2026.mdx,de,amazon-fba-nischen-2026,/de/blog/amazon-fba-nischen-2026/,False,False,"9 Amazon FBA Nischen für 2026, die noch Platz haben",20,0,8.8,KEEP,editorial
blog,amazon-fba-profit-guide-2026.mdx,en,amazon-fba-profit-guide-2026,/blog/amazon-fba-profit-guide-2026/,False,False,Amazon FBA Profit in 2026: Where Your Money Goes,0,0,,KEEP,editorial
blog,amazon-fba-qidong-chengben-2026.mdx,zh,amazon-fba-qidong-chengben-2026,/zh/blog/amazon-fba-qidong-chengben-2026/,False,False,2026年Amazon FBA启动成本：完整逐项预算拆解,0,0,,NOINDEX,locale-pilot
blog,amazon-fba-retourenquote-senken.mdx,de,amazon-fba-retourenquote-senken,/de/blog/amazon-fba-retourenquote-senken/,False,False,Amazon FBA Retourenquote senken: was wirklich hilft,0,0,,KEEP,editorial
blog,amazon-fba-setup-vor-produktrecherche.mdx,de,amazon-fba-setup-vor-produktrecherche,/de/blog/amazon-fba-setup-vor-produktrecherche/,False,False,Amazon FBA Setup: 3 Schritte vor der Produktrecherche,0,0,,KEEP,editorial
blog,amazon-fba-shippai-10-2026.mdx,ja,amazon-fba-shippai-10-2026,/ja/blog/amazon-fba-shippai-10-2026/,False,False,2026年に初心者が数千ドルを失うAmazon FBAの失敗10選,0,0,,NOINDEX,locale-pilot
blog,amazon-fba-shoki-hiyou-2026.mdx,ja,amazon-fba-shoki-hiyou-2026,/ja/blog/amazon-fba-shoki-hiyou-2026/,False,False,Amazon FBA初期費用2026：全項目の詳細内訳,0,0,,NOINDEX,locale-pilot
blog,amazon-fba-shoshinsha-senryaku-2026.mdx,ja,amazon-fba-shoshinsha-senryaku-2026,/ja/blog/amazon-fba-shoshinsha-senryaku-2026/,False,False,Amazon FBA 初心者の戦略2026：本当に稼げるやり方,0,0,,NOINDEX,locale-pilot
blog,amazon-fba-startup-cost-2026.mdx,en,amazon-fba-startup-cost-2026,/blog/amazon-fba-startup-cost-2026/,False,False,Amazon FBA Startup Cost 2026: Full Line-Item Breakdown,277,0,26.0,KEEP,editorial
blog,amazon-fba-steuerberater-deutschland-2026.mdx,de,amazon-fba-steuerberater-deutschland-2026,/de/blog/amazon-fba-steuerberater-deutschland-2026/,False,False,"Amazon FBA Steuerberater: Kosten, Auswahl & wann du einen br",0,0,,KEEP,editorial
blog,amazon-fba-tariffs-china-2026.mdx,en,amazon-fba-tariffs-china-2026,/blog/amazon-fba-tariffs-china-2026/,False,False,Amazon FBA China Tariffs 2026: The Math and 7 Survival Moves,0,0,,KEEP,editorial
blog,amazon-fba-uae-how-it-works-2026.mdx,ae,amazon-fba-uae-how-it-works-2026,/ae/blog/amazon-fba-uae-how-it-works-2026/,False,False,Amazon FBA in the UAE: How Fulfilment Works on Amazon.ae,0,0,,NOINDEX,locale-pilot
blog,amazon-fba-us-vs-europe.mdx,en,amazon-fba-us-vs-europe,/blog/amazon-fba-us-vs-europe/,False,False,Amazon FBA: US vs Europe — The Brutal Truth,14,0,11.9,KEEP,editorial
blog,amazon-fba-vs-fbm-deutschland-2026.mdx,de,amazon-fba-vs-fbm-deutschland-2026,/de/blog/amazon-fba-vs-fbm-deutschland-2026/,False,False,FBA vs FBM: Welches Fulfillment-Modell passt zu dir?,0,0,,KEEP,editorial
blog,amazon-fba-vs-wildberries-vs-ozon-2026.mdx,ru,amazon-fba-vs-wildberries-vs-ozon-2026,/ru/blog/amazon-fba-vs-wildberries-vs-ozon-2026/,False,False,Amazon FBA vs Wildberries vs Ozon в 2026 году,55,0,6.1,KEEP,editorial
blog,amazon-fba-xinshou-celue-2026.mdx,zh,amazon-fba-xinshou-celue-2026,/zh/blog/amazon-fba-xinshou-celue-2026/,False,False,2026 年亚马逊 FBA 新手策略：真正有效的打法,0,0,,NOINDEX,locale-pilot
blog,amazon-listing-optimieren-amazon-de.mdx,de,amazon-listing-optimieren-amazon-de,/de/blog/amazon-listing-optimieren-amazon-de/,False,False,"Amazon Listing optimieren für Amazon.de: Title, Bullet Point",266,0,44.9,KEEP,editorial
blog,amazon-listing-optimierung-tipps-2026.mdx,de,amazon-listing-optimierung-tipps-2026,/de/blog/amazon-listing-optimierung-tipps-2026/,False,False,"7 Listing-Optimierung-Tipps, die wirklich mehr verkaufen",0,0,,KEEP,editorial
blog,amazon-negative-keywords-guide.mdx,en,amazon-negative-keywords-guide,/blog/amazon-negative-keywords-guide/,False,False,Amazon Negative Keywords: The Complete Guide,11,0,35.2,KEEP,editorial
blog,amazon-negative-keywords-richtig-nutzen.mdx,de,amazon-negative-keywords-richtig-nutzen,/de/blog/amazon-negative-keywords-richtig-nutzen/,False,False,Amazon Negative Keywords richtig nutzen — Anleitung,10,0,8.0,KEEP,editorial
blog,amazon-pan-eu-efn-narf-comparison-2026.mdx,en,amazon-pan-eu-efn-narf-comparison-2026,/blog/amazon-pan-eu-efn-narf-comparison-2026/,False,False,Pan-EU vs EFN vs NARF: Which EU Program Is Worth It?,71,0,17.2,KEEP,editorial
blog,amazon-pan-eu-efn-narf-vergleich-2026.mdx,de,amazon-pan-eu-efn-narf-vergleich-2026,/de/blog/amazon-pan-eu-efn-narf-vergleich-2026/,False,False,Pan-EU vs EFN vs NARF: welches EU-Programm lohnt sich?,1,0,11.0,KEEP,editorial
blog,amazon-ppc-anfaenger-leitfaden-2026.mdx,de,amazon-ppc-anfaenger-leitfaden-2026,/de/blog/amazon-ppc-anfaenger-leitfaden-2026/,False,False,"Amazon PPC für Anfänger: ACoS, Anzeigen & Tipps",1,0,10.0,KEEP,editorial
blog,amazon-ppc-beginners-guide-2026.mdx,en,amazon-ppc-beginners-guide-2026,/blog/amazon-ppc-beginners-guide-2026/,False,False,"Amazon PPC for Beginners: ACOS, Ads & What to Know",1,0,9.0,KEEP,editorial
blog,amazon-ppc-celue-zhinan-2026.mdx,zh,amazon-ppc-celue-zhinan-2026,/zh/blog/amazon-ppc-celue-zhinan-2026/,False,False,2026 年终极亚马逊 PPC 策略指南,0,0,,NOINDEX,locale-pilot
blog,amazon-ppc-gongju-tuijian-2026.mdx,zh,amazon-ppc-gongju-tuijian-2026,/zh/blog/amazon-ppc-gongju-tuijian-2026/,False,False,2026 年 8 款最佳亚马逊 PPC 工具实测对比,0,0,,NOINDEX,locale-pilot
blog,amazon-ppc-reklama-polnyj-gajd-2026.mdx,ru,amazon-ppc-reklama-polnyj-gajd-2026,/ru/blog/amazon-ppc-reklama-polnyj-gajd-2026/,False,False,Реклама на Amazon в 2026: полный гайд по PPC,8,0,7.5,KEEP,editorial
blog,amazon-ppc-senryaku-guide-2026.mdx,ja,amazon-ppc-senryaku-guide-2026,/ja/blog/amazon-ppc-senryaku-guide-2026/,False,False,Amazon PPC 戦略ガイド2026：完全版,0,0,,NOINDEX,locale-pilot
blog,amazon-ppc-strategie-leitfaden-2026.mdx,de,amazon-ppc-strategie-leitfaden-2026,/de/blog/amazon-ppc-strategie-leitfaden-2026/,False,False,Amazon PPC Strategie 2026 — der komplette Leitfaden,4,0,6.8,KEEP,editorial
blog,amazon-ppc-strategija-dlja-novichkov-2026.mdx,ru,amazon-ppc-strategija-dlja-novichkov-2026,/ru/blog/amazon-ppc-strategija-dlja-novichkov-2026/,False,False,Amazon PPC для новичков: стратегия запуска,0,0,,KEEP,editorial
blog,amazon-ppc-strategy-guide-2026.mdx,en,amazon-ppc-strategy-guide-2026,/blog/amazon-ppc-strategy-guide-2026/,False,False,The Ultimate Amazon PPC Strategy Guide for 2026,0,0,,KEEP,editorial
blog,amazon-ppc-strategy-uae-2026.mdx,ae,amazon-ppc-strategy-uae-2026,/ae/blog/amazon-ppc-strategy-uae-2026/,False,False,Amazon PPC on Amazon.ae: A UAE Seller's Strategy for 2026,0,0,,NOINDEX,locale-pilot
blog,amazon-ppc-tool-osusume-2026.mdx,ja,amazon-ppc-tool-osusume-2026,/ja/blog/amazon-ppc-tool-osusume-2026/,False,False,Amazon PPCツールおすすめ8選【2026年・実測比較】,0,0,,NOINDEX,locale-pilot
blog,amazon-product-research-methods-2026.mdx,en,amazon-product-research-methods-2026,/blog/amazon-product-research-methods-2026/,False,False,Amazon Product Research in 2026: 7 Unconventional Methods,42,1,9.5,KEEP,editorial
blog,amazon-product-research-uae-2026.mdx,ae,amazon-product-research-uae-2026,/ae/blog/amazon-product-research-uae-2026/,False,False,Amazon Product Research for the UAE Market: What Changes,0,0,,NOINDEX,locale-pilot
blog,amazon-produktrecherche-methoden-2026.mdx,de,amazon-produktrecherche-methoden-2026,/de/blog/amazon-produktrecherche-methoden-2026/,False,False,Amazon Produktrecherche 2026: 7 unkonventionelle Methoden,2,0,2.5,KEEP,editorial
blog,amazon-sa-vs-noon-saudi-arabia-2026.mdx,sa,amazon-sa-vs-noon-saudi-arabia-2026,/sa/blog/amazon-sa-vs-noon-saudi-arabia-2026/,False,False,Amazon.sa vs noon in Saudi Arabia: A Seller's 2026 Compariso,0,0,,NOINDEX,locale-pilot
blog,amazon-search-term-report-guide-2026.mdx,en,amazon-search-term-report-guide-2026,/blog/amazon-search-term-report-guide-2026/,False,False,How to Read Your Amazon Search Term Report (and Act on It),8,0,9.9,KEEP,editorial
blog,amazon-search-term-report-rukovodstvo-2026.mdx,ru,amazon-search-term-report-rukovodstvo-2026,/ru/blog/amazon-search-term-report-rukovodstvo-2026/,False,False,Как читать Search Term Report на Amazon (и что с ним делать),0,0,,KEEP,editorial
blog,amazon-seller-account-uae-requirements-2026.mdx,ae,amazon-seller-account-uae-requirements-2026,/ae/blog/amazon-seller-account-uae-requirements-2026/,False,False,Amazon Seller Account UAE: Requirements and Setup in 2026,0,0,,NOINDEX,locale-pilot
blog,amazon-seller-central-brasil-criar-conta-2026.mdx,br,amazon-seller-central-brasil-criar-conta-2026,/br/blog/amazon-seller-central-brasil-criar-conta-2026/,False,False,Amazon Seller Central Brasil: criar sua conta passo a passo,0,0,,NOINDEX,locale-pilot
blog,amazon-seller-central-mexico-crear-cuenta-2026.mdx,mx,amazon-seller-central-mexico-crear-cuenta-2026,/mx/blog/amazon-seller-central-mexico-crear-cuenta-2026/,False,False,Amazon Seller Central México: crear tu cuenta paso a paso,0,0,,NOINDEX,locale-pilot
blog,amazon-seller-invoice-seido-taio-2026.mdx,ja,amazon-seller-invoice-seido-taio-2026,/ja/blog/amazon-seller-invoice-seido-taio-2026/,False,False,インボイス制度とAmazonセラー — 2026年10月の経過措置縮小に備える,0,0,,NOINDEX,locale-pilot
blog,amazon-shohin-research-houhou-2026.mdx,ja,amazon-shohin-research-houhou-2026,/ja/blog/amazon-shohin-research-houhou-2026/,False,False,2026年のAmazon商品リサーチ：誰も語らない型破りな7つの方法,0,0,,NOINDEX,locale-pilot
blog,amazon-social-commerce-influencer-guide-2026.mdx,en,amazon-social-commerce-influencer-guide-2026,/blog/amazon-social-commerce-influencer-guide-2026/,False,False,Amazon Social Commerce 2026: Influencer Guide,47,0,11.7,KEEP,editorial
blog,amazon-social-commerce-influencer-leitfaden-2026.mdx,de,amazon-social-commerce-influencer-leitfaden-2026,/de/blog/amazon-social-commerce-influencer-leitfaden-2026/,False,False,Amazon Social Commerce 2026 — Influencer-Leitfaden,2,0,8.5,KEEP,editorial
blog,amazon-sp-api-platnyj-2026.mdx,ru,amazon-sp-api-platnyj-2026,/ru/blog/amazon-sp-api-platnyj-2026/,False,False,Amazon SP-API стал платным: что это значит для вас,6,0,6.5,KEEP,editorial
blog,amazon-tacos-verstehen-acos.mdx,de,amazon-tacos-verstehen-acos,/de/blog/amazon-tacos-verstehen-acos/,False,False,Amazon TACoS verstehen: warum ACoS allein nicht reicht,0,0,,KEEP,editorial
blog,amazon-tacos-verstehen.mdx,de,amazon-tacos-verstehen,/de/blog/amazon-tacos-verstehen/,False,False,Amazon TACoS verstehen — die wichtigere PPC-Metrik,0,0,,KEEP,editorial
blog,amazon-tacos-vs-acos-explained.mdx,en,amazon-tacos-vs-acos-explained,/blog/amazon-tacos-vs-acos-explained/,False,False,Amazon TACoS Explained: Why ACoS Alone Is Not Enough,2,0,46.5,KEEP,editorial
blog,amazon-vine-otzyvy-legalno-2026.mdx,ru,amazon-vine-otzyvy-legalno-2026,/ru/blog/amazon-vine-otzyvy-legalno-2026/,False,False,Amazon Vine: как получить отзывы легально,6,0,9.0,KEEP,editorial
blog,amazon-vine-program-2026.mdx,en,amazon-vine-program-2026,/blog/amazon-vine-program-2026/,False,False,"Amazon Vine Program 2026: Costs, Enrollment, and 30 Reviews",330,0,10.4,KEEP,editorial
blog,amazon-vine-programm-2026.mdx,de,amazon-vine-programm-2026,/de/blog/amazon-vine-programm-2026/,False,False,"Amazon Vine Programm 2026: Kosten, Anmeldung, 30 Reviews",17,0,8.2,KEEP,editorial
blog,amazon-virtual-bundles-guide.mdx,en,amazon-virtual-bundles-guide,/blog/amazon-virtual-bundles-guide/,False,False,How to Create Virtual Bundles on Amazon FBA,108,0,19.4,KEEP,editorial
blog,amazon-virtuelle-bundles-anleitung.mdx,de,amazon-virtuelle-bundles-anleitung,/de/blog/amazon-virtuelle-bundles-anleitung/,False,False,Virtuelle Bundles auf Amazon FBA erstellen — Anleitung,6,0,10.2,KEEP,editorial
blog,amazon-xuanpin-fangfa-2026.mdx,zh,amazon-xuanpin-fangfa-2026,/zh/blog/amazon-xuanpin-fangfa-2026/,False,False,2026年亚马逊选品：7个鲜为人知的实战方法,0,0,,NOINDEX,locale-pilot
blog,aranceles-china-mexico-vendedores-amazon-2026.mdx,mx,aranceles-china-mexico-vendedores-amazon-2026,/mx/blog/aranceles-china-mexico-vendedores-amazon-2026/,False,False,Aranceles China-México 2026: qué cambia para vendedores de A,0,0,,NOINDEX,locale-pilot
blog,best-amazon-fba-strategy-beginners-2026.mdx,en,best-amazon-fba-strategy-beginners-2026,/blog/best-amazon-fba-strategy-beginners-2026/,False,False,Best Amazon FBA Strategy for Beginners in 2026,16,0,10.2,KEEP,editorial
blog,best-amazon-ppc-tools-2026.mdx,en,best-amazon-ppc-tools-2026,/blog/best-amazon-ppc-tools-2026/,False,False,8 Best Amazon PPC Tools in 2026 (Tested & Compared),12,0,7.8,KEEP,editorial
blog,beste-amazon-fba-strategie-anfaenger-2026.mdx,de,beste-amazon-fba-strategie-anfaenger-2026,/de/blog/beste-amazon-fba-strategie-anfaenger-2026/,False,False,Beste Amazon FBA Strategie für Anfänger 2026,1,0,4.0,KEEP,editorial
blog,beste-amazon-ppc-tools-2026.mdx,de,beste-amazon-ppc-tools-2026,/de/blog/beste-amazon-ppc-tools-2026/,False,False,8 beste Amazon PPC Tools 2026 (getestet & verglichen),0,0,,KEEP,editorial
blog,calculadora-amazon-fba-brasil-2026.mdx,br,calculadora-amazon-fba-brasil-2026,/br/blog/calculadora-amazon-fba-brasil-2026/,False,False,Calculadora Amazon FBA: calcule sua margem passo a passo,0,0,,NOINDEX,locale-pilot
blog,calculadora-amazon-fba-rentabilidad-2026.mdx,mx,calculadora-amazon-fba-rentabilidad-2026,/mx/blog/calculadora-amazon-fba-rentabilidad-2026/,False,False,Calculadora Amazon FBA: calcula tu rentabilidad paso a paso,0,0,,NOINDEX,locale-pilot
blog,ce-kennzeichnung-produktsicherheit-amazon-de.mdx,de,ce-kennzeichnung-produktsicherheit-amazon-de,/de/blog/ce-kennzeichnung-produktsicherheit-amazon-de/,False,False,CE-Kennzeichnung und Produktsicherheit für Amazon.de,12,0,21.1,KEEP,editorial
blog,cnpj-mei-simples-vender-amazon-brasil-2026.mdx,br,cnpj-mei-simples-vender-amazon-brasil-2026,/br/blog/cnpj-mei-simples-vender-amazon-brasil-2026/,False,False,"CNPJ, MEI ou Simples para vender na Amazon Brasil em 2026",0,0,,NOINDEX,locale-pilot
blog,comisiones-amazon-mexico-tabla-2026.mdx,mx,comisiones-amazon-mexico-tabla-2026,/mx/blog/comisiones-amazon-mexico-tabla-2026/,False,False,Comisiones de Amazon México 2026: tabla completa por categor,0,0,,NOINDEX,locale-pilot
blog,commercial-registration-saudi-ecommerce-2026.mdx,sa,commercial-registration-saudi-ecommerce-2026,/sa/blog/commercial-registration-saudi-ecommerce-2026/,False,False,Commercial Registration in Saudi Arabia for E-commerce (2026,0,0,,NOINDEX,locale-pilot
blog,como-achar-produtos-amazon-fba-2026.mdx,br,como-achar-produtos-amazon-fba-2026,/br/blog/como-achar-produtos-amazon-fba-2026/,False,False,Como achar produtos para Amazon FBA no Brasil em 2026,0,0,,NOINDEX,locale-pilot
blog,como-comecar-amazon-fba-brasil-2026.mdx,br,como-comecar-amazon-fba-brasil-2026,/br/blog/como-comecar-amazon-fba-brasil-2026/,False,False,Como começar a vender na Amazon FBA no Brasil em 2026,0,0,,NOINDEX,locale-pilot
blog,como-empezar-amazon-fba-mexico-2026.mdx,mx,como-empezar-amazon-fba-mexico-2026,/mx/blog/como-empezar-amazon-fba-mexico-2026/,False,False,Cómo empezar a vender en Amazon FBA en México (2026),0,0,,NOINDEX,locale-pilot
blog,como-encontrar-productos-amazon-fba-2026.mdx,mx,como-encontrar-productos-amazon-fba-2026,/mx/blog/como-encontrar-productos-amazon-fba-2026/,False,False,Cómo encontrar productos para Amazon FBA en México (2026),0,0,,NOINDEX,locale-pilot
blog,como-enviar-estoque-amazon-brasil-2026.mdx,br,como-enviar-estoque-amazon-brasil-2026,/br/blog/como-enviar-estoque-amazon-brasil-2026/,False,False,Como enviar estoque para a Amazon (FBA) no Brasil em 2026,0,0,,NOINDEX,locale-pilot
blog,como-enviar-inventario-almacenes-amazon-mexico-2026.mdx,mx,como-enviar-inventario-almacenes-amazon-mexico-2026,/mx/blog/como-enviar-inventario-almacenes-amazon-mexico-2026/,False,False,Cómo enviar tu inventario a los almacenes de Amazon México,0,0,,NOINDEX,locale-pilot
blog,como-importar-china-eua-amazon-mexico-2026.mdx,mx,como-importar-china-eua-amazon-mexico-2026,/mx/blog/como-importar-china-eua-amazon-mexico-2026/,False,False,Cómo importar de China y EUA para Amazon México (2026),0,0,,NOINDEX,locale-pilot
blog,como-optimizar-listado-amazon-mexico-2026.mdx,mx,como-optimizar-listado-amazon-mexico-2026,/mx/blog/como-optimizar-listado-amazon-mexico-2026/,False,False,Cómo optimizar tu listado en Amazon México en 2026: 7 tips,0,0,,NOINDEX,locale-pilot
blog,como-otimizar-anuncio-amazon-brasil-2026.mdx,br,como-otimizar-anuncio-amazon-brasil-2026,/br/blog/como-otimizar-anuncio-amazon-brasil-2026/,False,False,Como otimizar anúncio na Amazon Brasil em 2026: 7 dicas,0,0,,NOINDEX,locale-pilot
blog,como-receber-pagamento-amazon-brasil-pix-2026.mdx,br,como-receber-pagamento-amazon-brasil-pix-2026,/br/blog/como-receber-pagamento-amazon-brasil-pix-2026/,False,False,Como receber pagamento da Amazon Brasil em 2026: Pix e câmbi,0,0,,NOINDEX,locale-pilot
blog,como-vender-amazon-eua-morando-brasil-2026.mdx,br,como-vender-amazon-eua-morando-brasil-2026,/br/blog/como-vender-amazon-eua-morando-brasil-2026/,False,False,Como vender na Amazon dos EUA morando no Brasil (2026),0,0,,NOINDEX,locale-pilot
blog,como-vender-libros-amazon-mexico-2026.mdx,mx,como-vender-libros-amazon-mexico-2026,/mx/blog/como-vender-libros-amazon-mexico-2026/,False,False,Cómo vender libros en Amazon México 2026: KDP y físicos,0,0,,NOINDEX,locale-pilot
blog,como-vender-livros-ebooks-amazon-2026.mdx,br,como-vender-livros-ebooks-amazon-2026,/br/blog/como-vender-livros-ebooks-amazon-2026/,False,False,Como vender livros e e-books na Amazon em 2026 (KDP e físico,0,0,,NOINDEX,locale-pilot
blog,cuanto-cuesta-amazon-fba-mexico-2026.mdx,mx,cuanto-cuesta-amazon-fba-mexico-2026,/mx/blog/cuanto-cuesta-amazon-fba-mexico-2026/,False,False,Cuánto cuesta empezar en Amazon FBA en México (2026),0,0,,NOINDEX,locale-pilot
blog,customer-obsession-amazon-seller-bedeutung.mdx,de,customer-obsession-amazon-seller-bedeutung,/de/blog/customer-obsession-amazon-seller-bedeutung/,False,False,Customer Obsession bei Amazon: Was das für Seller bedeutet,0,0,,KEEP,editorial
blog,daniks-ai-customer-review-andrew-superb-software.mdx,en,daniks-ai-customer-review-andrew-superb-software,/blog/daniks-ai-customer-review-andrew-superb-software/,True,False,,0,0,,KEEP?,daniks-other-REVIEW
blog,daniks-ai-erfahrung-amazon-ppc-nicht-mehr-manuell.mdx,de,daniks-ai-erfahrung-amazon-ppc-nicht-mehr-manuell,/de/blog/daniks-ai-erfahrung-amazon-ppc-nicht-mehr-manuell/,False,False,DaniksAI Erfahrung: Amazon PPC nicht mehr manuell steuern,0,0,,KEEP?,daniks-other-REVIEW
blog,daniks-ai-kundenbewertung-andrew-superb-software.mdx,de,daniks-ai-kundenbewertung-andrew-superb-software,/de/blog/daniks-ai-kundenbewertung-andrew-superb-software/,True,False,,0,0,,KEEP?,daniks-other-REVIEW
blog,daniks-ai-obzor-ppc-autopilot-amazon.mdx,ru,daniks-ai-obzor-ppc-autopilot-amazon,/ru/blog/daniks-ai-obzor-ppc-autopilot-amazon/,False,False,Обзор DaniksAI: почему я перестала управлять Amazon PPC вруч,0,0,,KEEP?,daniks-other-REVIEW
blog,daniks-ai-otzyv-andrew-superb-software.mdx,ru,daniks-ai-otzyv-andrew-superb-software,/ru/blog/daniks-ai-otzyv-andrew-superb-software/,True,False,,0,0,,KEEP?,daniks-other-REVIEW
blog,daniks-ai-review-stopped-managing-amazon-ppc-manually.mdx,en,daniks-ai-review-stopped-managing-amazon-ppc-manually,/blog/daniks-ai-review-stopped-managing-amazon-ppc-manually/,False,False,DaniksAI Review: I Stopped Managing Amazon PPC Manually,32,0,6.5,KEEP,explicit-keep
blog,daniks-ai-vs-manual-amazon-ppc-fornel-case-study.mdx,en,daniks-ai-vs-manual-amazon-ppc-fornel-case-study,/blog/daniks-ai-vs-manual-amazon-ppc-fornel-case-study/,False,False,Daniks.AI vs Manual Amazon PPC: Fornel Case Study (Dec 2025),18,0,7.0,NOINDEX,daniks-templated
blog,daniks-ai-vs-manual-amazon-ppc-nordfrost-case-study.mdx,en,daniks-ai-vs-manual-amazon-ppc-nordfrost-case-study,/blog/daniks-ai-vs-manual-amazon-ppc-nordfrost-case-study/,False,False,Daniks.AI vs Manual Amazon PPC: NordFrost Case Study,1,0,5.0,NOINDEX,daniks-templated
blog,daniks-ai-vs-manual-amazon-ppc-stellahive-case-study.mdx,en,daniks-ai-vs-manual-amazon-ppc-stellahive-case-study,/blog/daniks-ai-vs-manual-amazon-ppc-stellahive-case-study/,False,False,Daniks.AI vs Manual Amazon PPC: StellaHive Case Study,16,0,5.2,KEEP,explicit-keep
blog,daniks-ai-vs-manuell-amazon-ppc-fornel-fallstudie.mdx,de,daniks-ai-vs-manuell-amazon-ppc-fornel-fallstudie,/de/blog/daniks-ai-vs-manuell-amazon-ppc-fornel-fallstudie/,False,False,Daniks.AI vs manuelles PPC: Fornel-Fallstudie (Dez 2025),0,0,,NOINDEX,daniks-templated
blog,daniks-ai-vs-manuell-amazon-ppc-nordfrost-fallstudie.mdx,de,daniks-ai-vs-manuell-amazon-ppc-nordfrost-fallstudie,/de/blog/daniks-ai-vs-manuell-amazon-ppc-nordfrost-fallstudie/,False,False,Daniks.AI vs Manuell Amazon PPC: NordFrost Fallstudie,0,0,,NOINDEX,daniks-templated
blog,daniks-ai-vs-manuell-amazon-ppc-stellahive-fallstudie.mdx,de,daniks-ai-vs-manuell-amazon-ppc-stellahive-fallstudie,/de/blog/daniks-ai-vs-manuell-amazon-ppc-stellahive-fallstudie/,False,False,Daniks.AI vs Manuell Amazon PPC: StellaHive Fallstudie,4,0,8.5,NOINDEX,daniks-templated
blog,daniks-ai-vs-pacvue-amazon-ppc-2026.mdx,en,daniks-ai-vs-pacvue-amazon-ppc-2026,/blog/daniks-ai-vs-pacvue-amazon-ppc-2026/,False,False,Daniks.AI vs Pacvue 2026 — Honest PPC Comparison,1,0,12.0,KEEP,explicit-keep
blog,daniks-ai-vs-pacvue-amazon-ppc-vergleich-2026.mdx,de,daniks-ai-vs-pacvue-amazon-ppc-vergleich-2026,/de/blog/daniks-ai-vs-pacvue-amazon-ppc-vergleich-2026/,False,False,Daniks.AI vs Pacvue 2026 — ehrlicher PPC-Vergleich,6,0,10.7,NOINDEX,daniks-templated
blog,daniks-ai-vs-perpetua-amazon-ppc-2026.mdx,en,daniks-ai-vs-perpetua-amazon-ppc-2026,/blog/daniks-ai-vs-perpetua-amazon-ppc-2026/,False,False,Daniks.AI vs Perpetua 2026 — Honest PPC Comparison,1,0,7.0,KEEP,explicit-keep
blog,daniks-ai-vs-perpetua-amazon-ppc-vergleich-2026.mdx,de,daniks-ai-vs-perpetua-amazon-ppc-vergleich-2026,/de/blog/daniks-ai-vs-perpetua-amazon-ppc-vergleich-2026/,False,False,Daniks.AI vs Perpetua 2026 — ehrlicher PPC-Vergleich,3,0,7.7,NOINDEX,daniks-templated
blog,daniks-ai-vs-quartile-amazon-ppc-2026.mdx,en,daniks-ai-vs-quartile-amazon-ppc-2026,/blog/daniks-ai-vs-quartile-amazon-ppc-2026/,False,False,Daniks.AI vs Quartile 2026 — Honest PPC Comparison,11,0,7.4,KEEP,explicit-keep
blog,daniks-ai-vs-quartile-amazon-ppc-vergleich-2026.mdx,de,daniks-ai-vs-quartile-amazon-ppc-vergleich-2026,/de/blog/daniks-ai-vs-quartile-amazon-ppc-vergleich-2026/,False,False,Daniks.AI vs Quartile 2026 — ehrlicher PPC-Vergleich,0,0,,NOINDEX,daniks-templated
blog,daniks-ai-vs-ruchnoe-upravlenie-amazon-ppc-nordfrost-kejs.mdx,ru,daniks-ai-vs-ruchnoe-upravlenie-amazon-ppc-nordfrost-kejs,/ru/blog/daniks-ai-vs-ruchnoe-upravlenie-amazon-ppc-nordfrost-kejs/,False,False,Daniks.AI vs ручное управление PPC: кейс NordFrost,1,0,7.0,NOINDEX,daniks-templated
blog,daniks-ai-vs-ruchnoe-upravlenie-amazon-ppc-stellahive-kejs.mdx,ru,daniks-ai-vs-ruchnoe-upravlenie-amazon-ppc-stellahive-kejs,/ru/blog/daniks-ai-vs-ruchnoe-upravlenie-amazon-ppc-stellahive-kejs/,False,False,Daniks.AI vs ручное управление Amazon PPC: кейс StellaHive,1,0,8.0,NOINDEX,daniks-templated
blog,daniks-ai-vs-teikametrics-amazon-ppc-2026.mdx,en,daniks-ai-vs-teikametrics-amazon-ppc-2026,/blog/daniks-ai-vs-teikametrics-amazon-ppc-2026/,False,False,Daniks.AI vs Teikametrics 2026: Honest PPC Comparison,43,0,8.2,KEEP,explicit-keep
blog,daniks-brand-story-from-zero-to-top-seller.mdx,en,daniks-brand-story-from-zero-to-top-seller,/blog/daniks-brand-story-from-zero-to-top-seller/,False,False,How I Built the Daniks Brand on Amazon From Zero,4,0,5.8,KEEP,explicit-keep
blog,daniks-brend-ot-nulja-do-top-prodavca.mdx,ru,daniks-brend-ot-nulja-do-top-prodavca,/ru/blog/daniks-brend-ot-nulja-do-top-prodavca/,False,False,Как я создала бренд Daniks на Amazon с нуля,19,0,9.8,KEEP,explicit-keep
blog,daniks-marke-von-null-zum-top-seller.mdx,de,daniks-marke-von-null-zum-top-seller,/de/blog/daniks-marke-von-null-zum-top-seller/,False,False,Wie ich die Marke Daniks auf Amazon aufgebaut habe,0,0,,KEEP?,daniks-other-REVIEW
blog,der-50-cent-fehler-amazon-seller.mdx,de,der-50-cent-fehler-amazon-seller,/de/blog/der-50-cent-fehler-amazon-seller/,False,False,"Der 0,50-€-Fehler, den Amazon-Seller jeden Tag machen",0,0,,KEEP,editorial
blog,dubai-dlja-predprinimatelej-amazon-2026.mdx,ru,dubai-dlja-predprinimatelej-amazon-2026,/ru/blog/dubai-dlja-predprinimatelej-amazon-2026/,False,False,Дубай для предпринимателей: взгляд Amazon-селлера,4,0,9.8,KEEP,editorial
blog,dubai-konferencija-amazon-seller-2026.mdx,ru,dubai-konferencija-amazon-seller-2026,/ru/blog/dubai-konferencija-amazon-seller-2026/,False,False,"Дубай для Amazon-селлера: город, бизнес, налоги",0,0,,KEEP,editorial
blog,ecommerce-license-dubai-uae-amazon-sellers-2026.mdx,ae,ecommerce-license-dubai-uae-amazon-sellers-2026,/ae/blog/ecommerce-license-dubai-uae-amazon-sellers-2026/,False,False,E-commerce Licence in Dubai & UAE: An Amazon Seller's Guide,0,0,,NOINDEX,locale-pilot
blog,errores-amazon-fba-principiantes-2026.mdx,mx,errores-amazon-fba-principiantes-2026,/mx/blog/errores-amazon-fba-principiantes-2026/,False,False,10 errores de Amazon FBA que salen caros a principiantes en ,0,0,,NOINDEX,locale-pilot
blog,erros-amazon-fba-iniciantes-2026.mdx,br,erros-amazon-fba-iniciantes-2026,/br/blog/erros-amazon-fba-iniciantes-2026/,False,False,10 erros de Amazon FBA que custam caro aos iniciantes em 202,0,0,,NOINDEX,locale-pilot
blog,erstes-amazon-produkt-launchen-2026.mdx,de,erstes-amazon-produkt-launchen-2026,/de/blog/erstes-amazon-produkt-launchen-2026/,False,False,Erstes Amazon-Produkt launchen 2026 — Schritt für Schritt,0,0,,KEEP,editorial
blog,es-rentable-vender-en-amazon-mexico-2026.mdx,mx,es-rentable-vender-en-amazon-mexico-2026,/mx/blog/es-rentable-vender-en-amazon-mexico-2026/,False,False,¿Es rentable vender en Amazon México en 2026? Números reales,0,0,,NOINDEX,locale-pilot
blog,expand-amazon-ae-to-amazon-sa-saudi-2026.mdx,ae,expand-amazon-ae-to-amazon-sa-saudi-2026,/ae/blog/expand-amazon-ae-to-amazon-sa-saudi-2026/,False,False,From Amazon.ae to Amazon.sa: Expanding to Saudi Arabia,0,0,,NOINDEX,locale-pilot
blog,fba-dba-fbm-amazon-brasil-2026.mdx,br,fba-dba-fbm-amazon-brasil-2026,/br/blog/fba-dba-fbm-amazon-brasil-2026/,False,False,"FBA, DBA ou FBM: qual logística da Amazon escolher em 2026",0,0,,NOINDEX,locale-pilot
blog,fba-vs-fbm-amazon-mexico-2026.mdx,mx,fba-vs-fbm-amazon-mexico-2026,/mx/blog/fba-vs-fbm-amazon-mexico-2026/,False,False,FBA vs FBM en Amazon México: cuál te conviene en 2026,0,0,,NOINDEX,locale-pilot
blog,fba-vs-fbm-chto-vybrat-2026.mdx,ru,fba-vs-fbm-chto-vybrat-2026,/ru/blog/fba-vs-fbm-chto-vybrat-2026/,False,False,FBA vs FBM на Amazon: что выбрать и когда,5,0,12.6,KEEP,editorial
blog,fba-vs-fbm-dochira-2026.mdx,ja,fba-vs-fbm-dochira-2026,/ja/blog/fba-vs-fbm-dochira-2026/,False,False,FBA vs FBM：どちらの出荷モデルを選ぶべき？【2026年】,0,0,,NOINDEX,locale-pilot
blog,fba-vs-fbm-which-to-choose-2026.mdx,en,fba-vs-fbm-which-to-choose-2026,/blog/fba-vs-fbm-which-to-choose-2026/,False,False,FBA vs FBM: Which Fulfillment Model Should You Use?,0,0,,KEEP,editorial
blog,fba-vs-fbm-zenme-xuan-2026.mdx,zh,fba-vs-fbm-zenme-xuan-2026,/zh/blog/fba-vs-fbm-zenme-xuan-2026/,False,False,FBA 还是 FBM？亚马逊配送模式到底怎么选,0,0,,NOINDEX,locale-pilot
blog,fbo-vs-fbs-wildberries-ozon-2026.mdx,ru,fbo-vs-fbs-wildberries-ozon-2026,/ru/blog/fbo-vs-fbs-wildberries-ozon-2026/,False,False,FBO vs FBS на Wildberries и Ozon: что выбрать,13,0,11.9,KEEP,editorial
blog,find-private-label-manufacturer.mdx,en,find-private-label-manufacturer,/blog/find-private-label-manufacturer/,False,False,How to Find a Private-Label Manufacturer in Germany,6,0,5.2,KEEP,editorial
blog,gmbh-ug-einzelunternehmen-amazon-fba.mdx,de,gmbh-ug-einzelunternehmen-amazon-fba,/de/blog/gmbh-ug-einzelunternehmen-amazon-fba/,False,False,"GmbH, UG oder Einzelunternehmen für Amazon FBA — was lohnt s",77,0,8.3,KEEP,editorial
blog,gpsr-compliance-nicht-eu-amazon-seller-2026.mdx,de,gpsr-compliance-nicht-eu-amazon-seller-2026,/de/blog/gpsr-compliance-nicht-eu-amazon-seller-2026/,False,False,GPSR-Compliance für Nicht-EU-Amazon-Seller 2026,5,0,8.8,KEEP,editorial
blog,gpsr-compliance-non-eu-amazon-sellers-2026.mdx,en,gpsr-compliance-non-eu-amazon-sellers-2026,/blog/gpsr-compliance-non-eu-amazon-sellers-2026/,False,False,GPSR Compliance for Non-EU Amazon Sellers in 2026,192,0,6.9,KEEP,editorial
blog,guia-amazon-ppc-brasil-2026.mdx,br,guia-amazon-ppc-brasil-2026,/br/blog/guia-amazon-ppc-brasil-2026/,False,False,Guia de Amazon PPC no Brasil em 2026: estratégia completa,0,0,,NOINDEX,locale-pilot
blog,guia-amazon-ppc-mexico-2026.mdx,mx,guia-amazon-ppc-mexico-2026,/mx/blog/guia-amazon-ppc-mexico-2026/,False,False,Guía de Amazon PPC en México en 2026: estrategia completa,0,0,,NOINDEX,locale-pilot
blog,helium-10-alternativen-2026.mdx,de,helium-10-alternativen-2026,/de/blog/helium-10-alternativen-2026/,False,False,7 beste Helium 10 Alternativen für Amazon Seller (2026),7,0,18.0,KEEP,editorial
blog,helium-10-alternatives-2026.mdx,en,helium-10-alternatives-2026,/blog/helium-10-alternatives-2026/,False,False,7 Best Helium 10 Alternatives for Amazon Sellers (2026),2,0,34.0,KEEP,editorial
blog,helium-10-alternativy-2026.mdx,ru,helium-10-alternativy-2026,/ru/blog/helium-10-alternativy-2026/,False,False,7 лучших альтернатив Helium 10 для Amazon (2026),0,0,,KEEP,editorial
blog,how-to-launch-your-first-amazon-product.mdx,en,how-to-launch-your-first-amazon-product,/blog/how-to-launch-your-first-amazon-product/,False,False,How to Launch Your First Amazon Product in 2026,0,0,,KEEP,editorial
blog,how-to-legally-buy-amazon-reviews.mdx,en,how-to-legally-buy-amazon-reviews,/blog/how-to-legally-buy-amazon-reviews/,False,False,How to Legally Buy Amazon Reviews: The Vine Mistake to Avoid,0,0,,KEEP,editorial
blog,how-to-sell-amazon-fba-brand-2026.mdx,en,how-to-sell-amazon-fba-brand-2026,/blog/how-to-sell-amazon-fba-brand-2026/,False,False,How to Sell Your Amazon FBA Brand in 2026,0,0,,KEEP,editorial
blog,how-to-sell-amazon-sa-saudi-arabia-2026.mdx,sa,how-to-sell-amazon-sa-saudi-arabia-2026,/sa/blog/how-to-sell-amazon-sa-saudi-arabia-2026/,False,False,How to Sell on Amazon.sa in 2026: Seller Central for KSA,0,0,,NOINDEX,locale-pilot
blog,how-to-sell-on-amazon-uae-2026.mdx,ae,how-to-sell-on-amazon-uae-2026,/ae/blog/how-to-sell-on-amazon-uae-2026/,False,False,How to Sell on Amazon UAE in 2026: The Complete Guide,0,0,,NOINDEX,locale-pilot
blog,how-to-sell-on-noon-uae-2026.mdx,ae,how-to-sell-on-noon-uae-2026,/ae/blog/how-to-sell-on-noon-uae-2026/,False,False,"How to Sell on noon in 2026: Account, Fees, Seller Lab",0,0,,NOINDEX,locale-pilot
blog,hudsie-tovary-dlja-starta-marketplejsy.mdx,ru,hudsie-tovary-dlja-starta-marketplejsy,/ru/blog/hudsie-tovary-dlja-starta-marketplejsy/,False,False,Худшие товары для старта на маркетплейсах,0,0,,KEEP,editorial
blog,importing-china-saudi-arabia-amazon-2026.mdx,sa,importing-china-saudi-arabia-amazon-2026,/sa/blog/importing-china-saudi-arabia-amazon-2026/,False,False,Importing from China to Saudi Arabia for Amazon: SABER Guide,0,0,,NOINDEX,locale-pilot
blog,importing-china-to-uae-amazon-fba-2026.mdx,ae,importing-china-to-uae-amazon-fba-2026,/ae/blog/importing-china-to-uae-amazon-fba-2026/,False,False,Importing from China to UAE for Amazon FBA: Duty & Customs,0,0,,NOINDEX,locale-pilot
blog,imposto-importacao-nota-fiscal-amazon-brasil-2026.mdx,br,imposto-importacao-nota-fiscal-amazon-brasil-2026,/br/blog/imposto-importacao-nota-fiscal-amazon-brasil-2026/,False,False,Imposto de importação e Nota Fiscal na Amazon Brasil em 2026,0,0,,NOINDEX,locale-pilot
blog,kak-nachat-prodavat-amazon-fba-2026.mdx,ru,kak-nachat-prodavat-amazon-fba-2026,/ru/blog/kak-nachat-prodavat-amazon-fba-2026/,False,False,Как начать продавать на Amazon FBA с нуля,1,0,10.0,KEEP,editorial
blog,kak-najti-postavshika-alibaba-amazon-2026.mdx,ru,kak-najti-postavshika-alibaba-amazon-2026,/ru/blog/kak-najti-postavshika-alibaba-amazon-2026/,False,False,Как найти поставщика на Alibaba для Amazon,0,0,,KEEP,editorial
blog,kak-obshatsya-amazon-support-2026.mdx,ru,kak-obshatsya-amazon-support-2026,/ru/blog/kak-obshatsya-amazon-support-2026/,False,False,Как добиться результата от Amazon Support,0,0,,KEEP,editorial
blog,kak-prodat-biznes-amazon-2026.mdx,ru,kak-prodat-biznes-amazon-2026,/ru/blog/kak-prodat-biznes-amazon-2026/,False,False,Как продать бизнес на Amazon в 2026 году,0,0,,KEEP,editorial
blog,kak-vyvesti-dengi-amazon-sng-2026.mdx,ru,kak-vyvesti-dengi-amazon-sng-2026,/ru/blog/kak-vyvesti-dengi-amazon-sng-2026/,False,False,Как вывести деньги с Amazon в СНГ в 2026,22,0,1.8,KEEP,editorial
blog,ki-vs-agentur-amazon-ppc-fallstudie-basecamp-roasters.mdx,de,ki-vs-agentur-amazon-ppc-fallstudie-basecamp-roasters,/de/blog/ki-vs-agentur-amazon-ppc-fallstudie-basecamp-roasters/,False,False,KI vs Agentur Amazon PPC: Basecamp Roasters Fallstudie,0,0,,KEEP,editorial
blog,ki-vs-manuell-amazon-ppc-fallstudie-tropeza-2024.mdx,de,ki-vs-manuell-amazon-ppc-fallstudie-tropeza-2024,/de/blog/ki-vs-manuell-amazon-ppc-fallstudie-tropeza-2024/,False,False,KI vs Manuell Amazon PPC: Tropeza Fallstudie (2024),1,0,6.0,KEEP,editorial
blog,kleinunternehmerregelung-amazon-fba.mdx,de,kleinunternehmerregelung-amazon-fba,/de/blog/kleinunternehmerregelung-amazon-fba/,False,False,Kleinunternehmerregelung Amazon FBA — lohnt sich das?,1,0,5.0,KEEP,editorial
blog,listing-optimization-tips-that-boost-sales.mdx,en,listing-optimization-tips-that-boost-sales,/blog/listing-optimization-tips-that-boost-sales/,False,False,7 Listing Optimization Tips That Actually Boost Sales,1,0,45.0,KEEP,editorial
blog,llc-dlja-amazon-v-ssha-2026.mdx,ru,llc-dlja-amazon-v-ssha-2026,/ru/blog/llc-dlja-amazon-v-ssha-2026/,False,False,Как открыть LLC в США для Amazon в 2026,2,0,4.0,KEEP,editorial
blog,logistica-da-amazon-fba-brasil-2026.mdx,br,logistica-da-amazon-fba-brasil-2026,/br/blog/logistica-da-amazon-fba-brasil-2026/,False,False,Logística da Amazon (FBA) no Brasil: guia e taxas 2026,0,0,,NOINDEX,locale-pilot
blog,logistica-de-amazon-fba-mexico-2026.mdx,mx,logistica-de-amazon-fba-mexico-2026,/mx/blog/logistica-de-amazon-fba-mexico-2026/,False,False,Logística de Amazon (FBA) en México: guía y tarifas 2026,0,0,,NOINDEX,locale-pilot
blog,lower-amazon-acos-7-steps.mdx,en,lower-amazon-acos-7-steps,/blog/lower-amazon-acos-7-steps/,False,False,Lower Your Amazon ACoS — 7 Concrete Steps,0,0,,KEEP,editorial
blog,luchshie-amazon-ppc-instrumenty-2026.mdx,ru,luchshie-amazon-ppc-instrumenty-2026,/ru/blog/luchshie-amazon-ppc-instrumenty-2026/,False,False,8 лучших инструментов Amazon PPC в 2026 году,1,0,11.0,KEEP,editorial
blog,luchshie-nishi-marketplejsy-2026.mdx,ru,luchshie-nishi-marketplejsy-2026,/ru/blog/luchshie-nishi-marketplejsy-2026/,False,False,Лучшие ниши для маркетплейсов в 2026 году,0,0,,KEEP,editorial
blog,mehrwertsteuer-amazon-verkaeufer-oss-pan-eu.mdx,de,mehrwertsteuer-amazon-verkaeufer-oss-pan-eu,/de/blog/mehrwertsteuer-amazon-verkaeufer-oss-pan-eu/,False,False,"Mehrwertsteuer für Amazon-Verkäufer: OSS, Pan-EU, Steuerbera",6,0,26.2,KEEP,editorial
blog,meiguo-guanshui-de-minimis-2026.mdx,zh,meiguo-guanshui-de-minimis-2026,/zh/blog/meiguo-guanshui-de-minimis-2026/,False,False,2026年美国关税全解：亚马逊卖家800美元免税终结后怎么办,0,0,,NOINDEX,locale-pilot
blog,mejor-estrategia-amazon-fba-principiantes-2026.mdx,mx,mejor-estrategia-amazon-fba-principiantes-2026,/mx/blog/mejor-estrategia-amazon-fba-principiantes-2026/,False,False,Mejor estrategia de Amazon FBA para principiantes en 2026,0,0,,NOINDEX,locale-pilot
blog,mejores-herramientas-amazon-ppc-2026.mdx,mx,mejores-herramientas-amazon-ppc-2026,/mx/blog/mejores-herramientas-amazon-ppc-2026/,False,False,Mejores herramientas de Amazon PPC en 2026 (ranking),0,0,,NOINDEX,locale-pilot
blog,melhor-estrategia-amazon-fba-iniciantes-2026.mdx,br,melhor-estrategia-amazon-fba-iniciantes-2026,/br/blog/melhor-estrategia-amazon-fba-iniciantes-2026/,False,False,Melhor estratégia de Amazon FBA para iniciantes em 2026,0,0,,NOINDEX,locale-pilot
blog,melhores-ferramentas-amazon-ppc-2026.mdx,br,melhores-ferramentas-amazon-ppc-2026,/br/blog/melhores-ferramentas-amazon-ppc-2026/,False,False,Melhores ferramentas de Amazon PPC em 2026 (ranking),0,0,,NOINDEX,locale-pilot
blog,mercado-libre-vs-amazon-mexico-2026.mdx,mx,mercado-libre-vs-amazon-mexico-2026,/mx/blog/mercado-libre-vs-amazon-mexico-2026/,False,False,Mercado Libre vs Amazon México en 2026: ¿dónde vender?,0,0,,NOINDEX,locale-pilot
blog,mercado-livre-vs-amazon-brasil-2026.mdx,br,mercado-livre-vs-amazon-brasil-2026,/br/blog/mercado-livre-vs-amazon-brasil-2026/,False,False,Mercado Livre vs Amazon Brasil em 2026: onde vender?,0,0,,NOINDEX,locale-pilot
blog,networking-vystavki-amazon-seller-2026.mdx,ru,networking-vystavki-amazon-seller-2026,/ru/blog/networking-vystavki-amazon-seller-2026/,False,False,Нетворкинг на выставках: 7 лайфхаков для селлера,2,0,12.0,KEEP,editorial
blog,obsesion-por-el-cliente-amazon-vendedores.mdx,mx,obsesion-por-el-cliente-amazon-vendedores,/mx/blog/obsesion-por-el-cliente-amazon-vendedores/,False,False,Obsesión por el cliente en Amazon: qué significa para vended,0,0,,NOINDEX,locale-pilot
blog,obsessao-pelo-cliente-amazon-vendedores.mdx,br,obsessao-pelo-cliente-amazon-vendedores,/br/blog/obsessao-pelo-cliente-amazon-vendedores/,False,False,Obsessão pelo cliente na Amazon: o que significa para vended,0,0,,NOINDEX,locale-pilot
blog,onlajn-arbitrazh-amazon-2026.mdx,ru,onlajn-arbitrazh-amazon-2026,/ru/blog/onlajn-arbitrazh-amazon-2026/,False,False,Онлайн-арбитраж на Amazon: старт с $300,0,0,,KEEP,editorial
blog,optimizacija-listinga-amazon-2026.mdx,ru,optimizacija-listinga-amazon-2026,/ru/blog/optimizacija-listinga-amazon-2026/,False,False,Оптимизация листинга на Amazon: полный гайд,0,0,,KEEP,editorial
blog,oshibki-amazon-fba-blokirovka-2026.mdx,ru,oshibki-amazon-fba-blokirovka-2026,/ru/blog/oshibki-amazon-fba-blokirovka-2026/,False,False,"Ошибки на Amazon FBA, которые ведут к блокировке",0,0,,KEEP,editorial
blog,pochemu-daniks-ai-suschestvuet.mdx,ru,pochemu-daniks-ai-suschestvuet,/ru/blog/pochemu-daniks-ai-suschestvuet/,True,False,Почему существует Daniks.AI — и почему я не нейтральный исто,0,0,,KEEP?,daniks-other-REVIEW
blog,pochemu-reklama-amazon-ne-prinosit-prodazhi.mdx,ru,pochemu-reklama-amazon-ne-prinosit-prodazhi,/ru/blog/pochemu-reklama-amazon-ne-prinosit-prodazhi/,False,False,"Amazon PPC не работает? 7 ошибок, убивающих продажи",0,0,,KEEP,editorial
blog,poisk-tovara-amazon-fba-2026.mdx,ru,poisk-tovara-amazon-fba-2026,/ru/blog/poisk-tovara-amazon-fba-2026/,False,False,7 способов найти прибыльный товар для Amazon,0,0,,KEEP,editorial
blog,ppc-reklama-wildberries-ozon-2026.mdx,ru,ppc-reklama-wildberries-ozon-2026,/ru/blog/ppc-reklama-wildberries-ozon-2026/,False,False,PPC-реклама на Wildberries и Ozon: гайд для селлера,5,0,8.6,KEEP,editorial
blog,private-label-hersteller-deutschland-finden.mdx,de,private-label-hersteller-deutschland-finden,/de/blog/private-label-hersteller-deutschland-finden/,False,False,Private-Label-Hersteller in Deutschland finden,2,0,5.5,KEEP,editorial
blog,product-research-bez-helium10-2026.mdx,ru,product-research-bez-helium10-2026,/ru/blog/product-research-bez-helium10-2026/,False,False,7 способов найти товар без Helium 10 в 2026,2,0,5.5,KEEP,editorial
blog,quanto-custa-amazon-fba-brasil-2026.mdx,br,quanto-custa-amazon-fba-brasil-2026,/br/blog/quanto-custa-amazon-fba-brasil-2026/,False,False,Quanto custa começar Amazon FBA no Brasil em 2026,0,0,,NOINDEX,locale-pilot
blog,rashody-sellera-amazon-zapusk-2026.mdx,ru,rashody-sellera-amazon-zapusk-2026,/ru/blog/rashody-sellera-amazon-zapusk-2026/,False,False,Расходы селлера на Amazon в 2026: полный чек-лист запуска,0,0,,KEEP,editorial
blog,realnyj-pnl-prodavca-amazon-2026.mdx,ru,realnyj-pnl-prodavca-amazon-2026,/ru/blog/realnyj-pnl-prodavca-amazon-2026/,False,False,Реальный P&L продавца Amazon: разбор цифр,2,0,5.0,KEEP,editorial
blog,realnyj-pnl-prodavca-wildberries-2026.mdx,ru,realnyj-pnl-prodavca-wildberries-2026,/ru/blog/realnyj-pnl-prodavca-wildberries-2026/,False,False,Реальный P&L продавца Wildberries: разбор цифр,0,0,,KEEP,editorial
blog,reduce-amazon-fba-return-rate.mdx,en,reduce-amazon-fba-return-rate,/blog/reduce-amazon-fba-return-rate/,False,False,Reduce Your Amazon FBA Return Rate: What Actually Works,2,0,13.5,KEEP,editorial
blog,reforma-tributaria-vendedor-amazon-2026.mdx,br,reforma-tributaria-vendedor-amazon-2026,/br/blog/reforma-tributaria-vendedor-amazon-2026/,False,False,Reforma Tributária Amazon 2026: o que muda para o vendedor,0,0,,NOINDEX,locale-pilot
blog,registro-de-marca-inpi-amazon-brand-registry-2026.mdx,br,registro-de-marca-inpi-amazon-brand-registry-2026,/br/blog/registro-de-marca-inpi-amazon-brand-registry-2026/,False,False,Registro de marca no INPI e Amazon Brand Registry em 2026,0,0,,NOINDEX,locale-pilot
blog,requisitos-para-vender-en-amazon-mexico-2026.mdx,mx,requisitos-para-vender-en-amazon-mexico-2026,/mx/blog/requisitos-para-vender-en-amazon-mexico-2026/,False,False,Requisitos para vender en Amazon México 2026 (checklist),0,0,,NOINDEX,locale-pilot
blog,rfc-sat-impuestos-vender-amazon-mexico-2026.mdx,mx,rfc-sat-impuestos-vender-amazon-mexico-2026,/mx/blog/rfc-sat-impuestos-vender-amazon-mexico-2026/,False,False,"RFC, SAT e impuestos al vender en Amazon México (2026)",0,0,,NOINDEX,locale-pilot
blog,sfda-registration-amazon-sellers-saudi-2026.mdx,sa,sfda-registration-amazon-sellers-saudi-2026,/sa/blog/sfda-registration-amazon-sellers-saudi-2026/,False,False,SFDA for Amazon Sellers: Which Products Need It on Amazon.sa,0,0,,NOINDEX,locale-pilot
blog,sistematizacija-biznesa-amazon-2026.mdx,ru,sistematizacija-biznesa-amazon-2026,/ru/blog/sistematizacija-biznesa-amazon-2026/,False,False,Систематизация бизнеса на Amazon с нуля,0,0,,KEEP,editorial
blog,skolko-stoit-amazon-fba-2026.mdx,ru,skolko-stoit-amazon-fba-2026,/ru/blog/skolko-stoit-amazon-fba-2026/,False,False,Сколько стоит начать бизнес на Amazon FBA,0,0,,KEEP,editorial
blog,skolko-zarabatyvajut-amazon-fba-2026.mdx,ru,skolko-zarabatyvajut-amazon-fba-2026,/ru/blog/skolko-zarabatyvajut-amazon-fba-2026/,False,False,Сколько зарабатывают на Amazon FBA: реальные цифры,2,0,6.5,KEEP,editorial
blog,social-commerce-amazon-influensery-2026.mdx,ru,social-commerce-amazon-influensery-2026,/ru/blog/social-commerce-amazon-influensery-2026/,False,False,Social Commerce: как продавать через инфлюенсеров,4,0,8.8,KEEP,editorial
blog,social-commerce-tiktok-shop-amazon-2026.mdx,ru,social-commerce-tiktok-shop-amazon-2026,/ru/blog/social-commerce-tiktok-shop-amazon-2026/,False,False,Social Commerce и TikTok Shop для Amazon-селлера,0,0,,KEEP,editorial
blog,taxas-para-vender-na-amazon-brasil-2026.mdx,br,taxas-para-vender-na-amazon-brasil-2026,/br/blog/taxas-para-vender-na-amazon-brasil-2026/,False,False,Taxas para vender na Amazon Brasil em 2026: tabela completa,0,0,,NOINDEX,locale-pilot
blog,teikametrics-vs-perpetua-2026.mdx,en,teikametrics-vs-perpetua-2026,/blog/teikametrics-vs-perpetua-2026/,False,False,Teikametrics vs Perpetua: Which Amazon PPC Tool Wins in 2026,0,0,,KEEP,editorial
blog,the-fifty-cent-mistake-amazon-sellers.mdx,en,the-fifty-cent-mistake-amazon-sellers,/blog/the-fifty-cent-mistake-amazon-sellers/,False,False,The $0.50 Mistake Amazon Sellers Make Every Day,19,0,3.9,KEEP,editorial
blog,top-10-oshibok-marketplejsy-2026.mdx,ru,top-10-oshibok-marketplejsy-2026,/ru/blog/top-10-oshibok-marketplejsy-2026/,False,False,ТОП-10 ошибок на маркетплейсах в 2026 году,1,0,12.0,KEEP,editorial
blog,uae-corporate-tax-amazon-sellers-2026.mdx,ae,uae-corporate-tax-amazon-sellers-2026,/ae/blog/uae-corporate-tax-amazon-sellers-2026/,False,False,"UAE Corporate Tax for Amazon Sellers: 9%, Relief and Deadlin",0,0,,NOINDEX,locale-pilot
blog,understanding-amazon-tacos.mdx,en,understanding-amazon-tacos,/blog/understanding-amazon-tacos/,False,False,Understanding Amazon TACoS — The PPC Metric That Matters,12,0,50.8,KEEP,editorial
blog,upravlenie-zapasami-amazon-fba-2026.mdx,ru,upravlenie-zapasami-amazon-fba-2026,/ru/blog/upravlenie-zapasami-amazon-fba-2026/,False,False,Управление запасами Amazon FBA: как не платить лишнее,0,0,,KEEP,editorial
blog,vale-a-pena-vender-na-amazon-2026.mdx,br,vale-a-pena-vender-na-amazon-2026,/br/blog/vale-a-pena-vender-na-amazon-2026/,False,False,Vale a pena vender na Amazon em 2026? Números reais,0,0,,NOINDEX,locale-pilot
blog,vat-saudi-arabia-zatca-amazon-sellers-2026.mdx,sa,vat-saudi-arabia-zatca-amazon-sellers-2026,/sa/blog/vat-saudi-arabia-zatca-amazon-sellers-2026/,False,False,"Saudi VAT for Amazon Sellers: 15%, ZATCA & E-invoicing",0,0,,NOINDEX,locale-pilot
blog,vat-uae-amazon-sellers-2026.mdx,ae,vat-uae-amazon-sellers-2026,/ae/blog/vat-uae-amazon-sellers-2026/,False,False,"VAT in the UAE for Amazon Sellers: 5%, Thresholds, Reclaims",0,0,,NOINDEX,locale-pilot
blog,vender-amazon-estados-unidos-mexico-cross-border-2026.mdx,mx,vender-amazon-estados-unidos-mexico-cross-border-2026,/mx/blog/vender-amazon-estados-unidos-mexico-cross-border-2026/,False,False,Vender en Amazon EUA y México juntos: guía cross-border 2026,0,0,,NOINDEX,locale-pilot
blog,vender-na-amazon-sem-estoque-2026.mdx,br,vender-na-amazon-sem-estoque-2026,/br/blog/vender-na-amazon-sem-estoque-2026/,False,False,Como vender na Amazon sem estoque em 2026: o guia honesto,0,0,,NOINDEX,locale-pilot
blog,verifikacija-amazon-akkaunta-sng-2026.mdx,ru,verifikacija-amazon-akkaunta-sng-2026,/ru/blog/verifikacija-amazon-akkaunta-sng-2026/,False,False,Верификация Amazon для продавца из СНГ: документы и видеозво,0,0,,KEEP,editorial
blog,verpackungsgesetz-lucid-amazon-verkaeufer-2026.mdx,de,verpackungsgesetz-lucid-amazon-verkaeufer-2026,/de/blog/verpackungsgesetz-lucid-amazon-verkaeufer-2026/,False,False,Verpackungsgesetz und LUCID für Amazon-Verkäufer 2026,630,2,7.7,KEEP,editorial
blog,virtual-bundles-amazon-srednij-chek.mdx,ru,virtual-bundles-amazon-srednij-chek,/ru/blog/virtual-bundles-amazon-srednij-chek/,False,False,Virtual Bundles на Amazon: как поднять средний чек,0,0,,KEEP,editorial
blog,vystavka-networking-amazon-seller-2026.mdx,ru,vystavka-networking-amazon-seller-2026,/ru/blog/vystavka-networking-amazon-seller-2026/,False,False,7 лайфхаков нетворкинга на выставке для селлера,0,0,,KEEP,editorial
blog,warum-daniks-ai-existiert.mdx,de,warum-daniks-ai-existiert,/de/blog/warum-daniks-ai-existiert/,True,False,Warum Daniks.AI existiert — und warum ich keine neutrale Que,0,0,,KEEP?,daniks-other-REVIEW
blog,weee-nummer-beantragen-amazon.mdx,de,weee-nummer-beantragen-amazon,/de/blog/weee-nummer-beantragen-amazon/,False,False,WEEE-Nummer beantragen: Anleitung für Amazon-Seller,36,0,6.0,KEEP,editorial
blog,why-daniks-ai-exists.mdx,en,why-daniks-ai-exists,/blog/why-daniks-ai-exists/,True,False,Why Daniks.AI Exists — and Why I'm Not a Neutral Source,0,0,,KEEP,explicit-keep
blog,wildberries-iz-za-rubezha-2026.mdx,ru,wildberries-iz-za-rubezha-2026,/ru/blog/wildberries-iz-za-rubezha-2026/,False,False,Как выйти на Wildberries из-за рубежа в 2026,81,0,5.6,KEEP,editorial
blog,wildberries-na-amazon-usa-2026.mdx,ru,wildberries-na-amazon-usa-2026,/ru/blog/wildberries-na-amazon-usa-2026/,False,False,С Wildberries на Amazon USA в 2026: полный план,2,0,9.0,KEEP,editorial
blog,wildberries-vs-ozon-2026.mdx,ru,wildberries-vs-ozon-2026,/ru/blog/wildberries-vs-ozon-2026/,False,False,Wildberries vs Ozon: где выгоднее продавать в 2026,2,0,8.0,KEEP,editorial
blog,zachem-registrirovat-brend-amazon-2026.mdx,ru,zachem-registrirovat-brend-amazon-2026,/ru/blog/zachem-registrirovat-brend-amazon-2026/,False,False,Зачем регистрировать бренд для Amazon FBA,6,0,8.8,KEEP,editorial
blog,zakupochnaja-cena-marketplejsy.mdx,ru,zakupochnaja-cena-marketplejsy,/ru/blog/zakupochnaja-cena-marketplejsy/,False,False,Почему закупочная цена не важна на маркетплейсах,0,0,,KEEP,editorial
tutorials,amazon-brand-registry-application-guide.mdx,en,amazon-brand-registry-application-guide,/tutorials/amazon-brand-registry-application-guide/,False,False,Amazon Brand Registry Application Guide with EUIPO,6,0,4.5,KEEP,editorial
tutorials,amazon-brand-registry-beantragen-anleitung.mdx,de,amazon-brand-registry-beantragen-anleitung,/de/tutorials/amazon-brand-registry-beantragen-anleitung/,False,False,Amazon Brand Registry beantragen — Anleitung mit EUIPO-Marke,14,0,14.0,KEEP,editorial
tutorials,amazon-fba-einstieg-anleitung.mdx,de,amazon-fba-einstieg-anleitung,/de/tutorials/amazon-fba-einstieg-anleitung/,False,False,Amazon FBA starten 2026: Schritt-für-Schritt-Anleitung,515,0,62.0,KEEP,editorial
tutorials,amazon-fba-hajimekata.mdx,ja,amazon-fba-hajimekata,/ja/tutorials/amazon-fba-hajimekata/,False,False,Amazon FBAの始め方：完全ガイド,0,0,,NOINDEX,locale-pilot
tutorials,amazon-fba-rumen-zhinan.mdx,zh,amazon-fba-rumen-zhinan,/zh/tutorials/amazon-fba-rumen-zhinan/,False,False,Amazon FBA入门指南：从零开始的完整教程,0,0,,NOINDEX,locale-pilot
tutorials,eori-number-application-guide.mdx,en,eori-number-application-guide,/tutorials/eori-number-application-guide/,False,False,EORI Number Application: Complete Guide 2026,6,0,59.2,KEEP,editorial
tutorials,eori-nummer-beantragen-anleitung.mdx,de,eori-nummer-beantragen-anleitung,/de/tutorials/eori-nummer-beantragen-anleitung/,False,False,EORI-Nummer beantragen: vollständige Anleitung 2026,8,0,26.8,KEEP,editorial
tutorials,erste-ppc-kampagne-einrichten.mdx,de,erste-ppc-kampagne-einrichten,/de/tutorials/erste-ppc-kampagne-einrichten/,False,False,Erste Amazon-PPC-Kampagne einrichten — Anleitung,0,0,,KEEP,editorial
tutorials,getting-started-with-amazon-fba.mdx,en,getting-started-with-amazon-fba,/tutorials/getting-started-with-amazon-fba/,False,False,Getting Started with Amazon FBA: Complete Guide,506,0,61.6,KEEP,editorial
tutorials,lucid-registration-guide.mdx,en,lucid-registration-guide,/tutorials/lucid-registration-guide/,False,False,LUCID Registration: Step-by-Step Guide,9,0,7.9,KEEP,editorial
tutorials,lucid-registrierung-anleitung.mdx,de,lucid-registrierung-anleitung,/de/tutorials/lucid-registrierung-anleitung/,False,False,LUCID-Registrierung: Anleitung in 30 Minuten,18,0,8.4,KEEP,editorial
tutorials,masterclass-poisk-tovara-amazon.mdx,ru,masterclass-poisk-tovara-amazon,/ru/tutorials/masterclass-poisk-tovara-amazon/,False,False,Мастеркласс по поиску товара для Amazon FBA,1,0,7.0,KEEP,editorial
tutorials,nachalo-raboty-s-amazon-fba.mdx,ru,nachalo-raboty-s-amazon-fba,/ru/tutorials/nachalo-raboty-s-amazon-fba/,False,False,Старт на Amazon FBA: полное руководство для новичков,3,0,15.0,KEEP,editorial
tutorials,nastrojka-pervoj-ppc-kampanii.mdx,ru,nastrojka-pervoj-ppc-kampanii,/ru/tutorials/nastrojka-pervoj-ppc-kampanii/,False,False,Первая PPC-кампания на Amazon — настройка с нуля,4,0,34.3,KEEP,editorial
tutorials,product-research-masterclass.mdx,en,product-research-masterclass,/tutorials/product-research-masterclass/,False,False,Product Research Masterclass for Amazon Sellers,3,0,5.0,KEEP,editorial
tutorials,produktrecherche-masterclass.mdx,de,produktrecherche-masterclass,/de/tutorials/produktrecherche-masterclass/,False,False,Produktrecherche-Masterclass für Amazon-Verkäufer,20,0,29.7,KEEP,editorial
tutorials,registracija-amazon-brand-registry.mdx,ru,registracija-amazon-brand-registry,/ru/tutorials/registracija-amazon-brand-registry/,False,False,Amazon Brand Registry — регистрация через EUIPO,0,0,,KEEP,editorial
tutorials,setting-up-ppc-campaigns.mdx,en,setting-up-ppc-campaigns,/tutorials/setting-up-ppc-campaigns/,False,False,Setting Up Your First Amazon PPC Campaign,1,0,1.0,KEEP,editorial
news,amazon-barcode-regeln-2026.mdx,de,amazon-barcode-regeln-2026,/de/news/amazon-barcode-regeln-2026/,False,False,Amazon-Barcode-Regeln 2026: Was die Änderung bedeutet,1,0,6.0,KEEP,editorial
news,amazon-barcode-rules-2026.mdx,en,amazon-barcode-rules-2026,/news/amazon-barcode-rules-2026/,False,False,Amazon Barcode Rules 2026: What the March Change Means for F,57,1,8.9,KEEP,editorial
news,amazon-fee-changes-2026.md,en,amazon-fee-changes-2026,/news/amazon-fee-changes-2026/,False,False,Amazon Announces Major FBA Fee Changes for 2026,7,0,69.9,KEEP,editorial
news,amazon-gebuehrenaenderungen-2026-deutschland.mdx,de,amazon-gebuehrenaenderungen-2026-deutschland,/de/news/amazon-gebuehrenaenderungen-2026-deutschland/,False,False,Amazon Gebührenänderungen 2026 Deutschland — was sich ändert,28,0,7.6,KEEP,editorial
news,amazon-limit-zagolovka-75-2026.mdx,ru,amazon-limit-zagolovka-75-2026,/ru/news/amazon-limit-zagolovka-75-2026/,False,False,Amazon: лимит заголовка 75 символов с 27 июля 2026,0,0,,KEEP,editorial
news,amazon-sp-api-kostenpflichtig-2026.mdx,de,amazon-sp-api-kostenpflichtig-2026,/de/news/amazon-sp-api-kostenpflichtig-2026/,False,False,Amazon SP-API wird kostenpflichtig: $1.400/Jahr erklärt,6,0,7.5,KEEP,editorial
news,amazon-sp-api-paid-changes-2026.mdx,en,amazon-sp-api-paid-changes-2026,/news/amazon-sp-api-paid-changes-2026/,False,False,"Amazon SP-API Paid Changes 2026: $1,400/Year, Explained",46,0,9.0,KEEP,editorial
news,amazon-titel-limit-75-2026.mdx,de,amazon-titel-limit-75-2026,/de/news/amazon-titel-limit-75-2026/,False,False,Amazon Titel-Limit 2026: Nur noch 75 Zeichen ab 27. Juli,0,0,,KEEP,editorial
news,amazon-title-limit-75-2026.mdx,en,amazon-title-limit-75-2026,/news/amazon-title-limit-75-2026/,False,False,"Amazon Title Limit: 75 Characters Max From July 27, 2026",0,0,,KEEP,editorial
news,aranceles-ieepa-corte-suprema-reembolsos-2026.mdx,mx,aranceles-ieepa-corte-suprema-reembolsos-2026,/mx/news/aranceles-ieepa-corte-suprema-reembolsos-2026/,False,False,Corte Suprema anula aranceles IEEPA: cómo reclamar tu reembo,0,0,,NOINDEX,locale-pilot
news,e-commerce-trends-q2-2026-deutschland.mdx,de,e-commerce-trends-q2-2026-deutschland,/de/news/e-commerce-trends-q2-2026-deutschland/,True,False,E-Commerce-Trends Q2 2026: was für Amazon-Seller zählt,0,0,,KEEP,editorial
news,ecommerce-trends-q2-2026.md,en,ecommerce-trends-q2-2026,/news/ecommerce-trends-q2-2026/,False,False,E-Commerce Trends to Watch in Q2 2026,6,0,8.0,KEEP,editorial
news,eu-ppwr-ab-12-august-2026.mdx,de,eu-ppwr-ab-12-august-2026,/de/news/eu-ppwr-ab-12-august-2026/,False,False,EU-PPWR ab 12. August 2026 — was Amazon-Verkäufer ändern müs,29,2,6.6,KEEP,editorial
news,eu-ppwr-upakovka-august-2026.mdx,ru,eu-ppwr-upakovka-august-2026,/ru/news/eu-ppwr-upakovka-august-2026/,False,False,EU-PPWR с 12 августа 2026 — что менять продавцам,0,0,,KEEP,editorial
news,ieepa-kanzei-saikosai-hanketsu-2026.mdx,ja,ieepa-kanzei-saikosai-hanketsu-2026,/ja/news/ieepa-kanzei-saikosai-hanketsu-2026/,False,False,IEEPA関税に最高裁が違憲判決：還付申請と7月24日期限を解説,0,0,,NOINDEX,locale-pilot
news,ieepa-tariff-refunds-supreme-court-ruling.mdx,en,ieepa-tariff-refunds-supreme-court-ruling,/news/ieepa-tariff-refunds-supreme-court-ruling/,False,False,IEEPA Tariff Refunds: What the Supreme Court Ruling Means fo,0,0,,KEEP,editorial
news,ieepa-tarify-verhovnyj-sud-vozvrat-2026.mdx,ru,ieepa-tarify-verhovnyj-sud-vozvrat-2026,/ru/news/ieepa-tarify-verhovnyj-sud-vozvrat-2026/,False,False,Верховный суд отменил тарифы IEEPA: как вернуть пошлины в 20,0,0,,KEEP,editorial
news,ieepa-zoelle-supreme-court-urteil-2026.mdx,de,ieepa-zoelle-supreme-court-urteil-2026,/de/news/ieepa-zoelle-supreme-court-urteil-2026/,False,False,IEEPA-Zölle gekippt: Was das Supreme-Court-Urteil für EU-Sel,0,0,,KEEP,editorial
news,pravila-shtrihkodov-amazon-2026.mdx,ru,pravila-shtrihkodov-amazon-2026,/ru/news/pravila-shtrihkodov-amazon-2026/,False,False,Штрихкоды Amazon 2026: что изменилось с 1 марта,0,0,,KEEP,editorial
news,tarifas-ieepa-suprema-corte-reembolsos-2026.mdx,br,tarifas-ieepa-suprema-corte-reembolsos-2026,/br/news/tarifas-ieepa-suprema-corte-reembolsos-2026/,False,False,Suprema Corte derruba tarifas IEEPA: fim dos 40% sobre o Bra,0,0,,NOINDEX,locale-pilot
news,trendy-ecommerce-q2-2026.mdx,ru,trendy-ecommerce-q2-2026,/ru/news/trendy-ecommerce-q2-2026/,False,False,Тренды e-commerce Q2 2026: что важно для Amazon,0,0,,KEEP,editorial
news,us-tariff-ruling-uae-sellers-2026.mdx,ae,us-tariff-ruling-uae-sellers-2026,/ae/news/us-tariff-ruling-uae-sellers-2026/,False,False,US Tariff Refunds: What UAE Amazon Sellers Can Claim in 2026,0,0,,NOINDEX,locale-pilot
news,zuigao-fayuan-quxiao-ieepa-guanshui-2026.mdx,zh,zuigao-fayuan-quxiao-ieepa-guanshui-2026,/zh/news/zuigao-fayuan-quxiao-ieepa-guanshui-2026/,False,False,最高法院取消IEEPA关税：中国卖家如何拿回退税，7月24日前该做什么,0,0,,NOINDEX,locale-pilot
reviews,daniks-ai-analise.mdx,br,daniks-ai-analise,/br/reviews/daniks-ai-analise/,False,False,Daniks.AI: Análise Honesta do Software de PPC com IA (2026),0,0,,NOINDEX,locale-pilot
reviews,daniks-ai-obzor.mdx,ru,daniks-ai-obzor,/ru/reviews/daniks-ai-obzor/,False,False,Обзор Daniks.AI: ИИ-автоматизация Amazon PPC под целевой ACo,1,0,5.0,KEEP,explicit-keep
reviews,daniks-ai-resena.mdx,mx,daniks-ai-resena,/mx/reviews/daniks-ai-resena/,False,False,Daniks.AI: reseña honesta del PPC con IA (2026),0,0,,NOINDEX,locale-pilot
reviews,daniks-ai-review-ja.mdx,ja,daniks-ai-review-ja,/ja/reviews/daniks-ai-review-ja/,False,False,Daniks.AIレビュー：目標ACoSを実現するAI Amazon PPCツール,0,0,,NOINDEX,locale-pilot
reviews,daniks-ai-review-uae.mdx,ae,daniks-ai-review-uae,/ae/reviews/daniks-ai-review-uae/,False,False,Daniks.AI Review for UAE Sellers: PPC Autopilot on Amazon.ae,0,0,,NOINDEX,locale-pilot
reviews,daniks-ai-review-zh.mdx,zh,daniks-ai-review-zh,/zh/reviews/daniks-ai-review-zh/,False,False,Daniks.AI评测：锁定目标ACoS的AI Amazon PPC软件,0,0,,NOINDEX,locale-pilot
reviews,daniks-ai-review.mdx,en,daniks-ai-review,/reviews/daniks-ai-review/,False,False,Daniks.AI Review: AI Amazon PPC Software for Target ACoS,65,1,7.0,KEEP,explicit-keep
reviews,daniks-ai-test.mdx,de,daniks-ai-test,/de/reviews/daniks-ai-test/,False,False,Daniks.AI Test: KI-Software für Amazon PPC mit Ziel-ACoS,2,1,7.0,KEEP,explicit-keep
reviews,helium-10-obzor.mdx,ru,helium-10-obzor,/ru/reviews/helium-10-obzor/,False,False,Обзор Helium 10: лучший комплексный инструмент для Amazon?,5,0,42.0,KEEP,editorial
reviews,helium-10-review.mdx,en,helium-10-review,/reviews/helium-10-review/,False,False,Helium 10 Review: The Best All-in-One Amazon Tool?,30,0,46.8,KEEP,editorial
reviews,helium-10-test.mdx,de,helium-10-test,/de/reviews/helium-10-test/,False,False,Helium 10 Test: Das beste Komplett-Tool für Amazon?,2,0,52.0,KEEP,editorial
reviews,hellotax-review.mdx,en,hellotax-review,/reviews/hellotax-review/,False,False,Hellotax Review: VAT Compliance for Pan-EU Sellers,12,0,17.2,KEEP,editorial
reviews,hellotax-test.mdx,de,hellotax-test,/de/reviews/hellotax-test/,False,False,Hellotax Test: VAT-Compliance für Pan-EU-Amazon-Verkäufer,7,0,8.4,KEEP,editorial
reviews,jungle-scout-obzor.mdx,ru,jungle-scout-obzor,/ru/reviews/jungle-scout-obzor/,False,False,Обзор Jungle Scout: лучший инструмент для поиска товаров?,4,0,37.0,KEEP,editorial
reviews,jungle-scout-review.mdx,en,jungle-scout-review,/reviews/jungle-scout-review/,False,False,Jungle Scout Review: Best for Product Research?,0,0,,KEEP,editorial
reviews,jungle-scout-test.mdx,de,jungle-scout-test,/de/reviews/jungle-scout-test/,False,False,Jungle Scout Test: Bestes Tool für Produktrecherche?,0,0,,KEEP,editorial
reviews,sellerboard-review.mdx,en,sellerboard-review,/reviews/sellerboard-review/,False,False,sellerboard Review: Profit Tracking for Amazon Sellers,37,0,35.5,KEEP,editorial
reviews,sellerboard-test.mdx,de,sellerboard-test,/de/reviews/sellerboard-test/,False,False,sellerboard Test: Profit-Tracking für Amazon-Verkäufer,17,0,34.9,KEEP,editorial
reviews,taxdoo-review.mdx,en,taxdoo-review,/reviews/taxdoo-review/,False,False,Taxdoo Review: Pan-EU VAT Automation in Detail,20,0,16.4,KEEP,editorial
reviews,taxdoo-test.mdx,de,taxdoo-test,/de/reviews/taxdoo-test/,False,False,Taxdoo Test: Pan-EU-VAT-Automatisierung im Detail,0,0,,KEEP,editorial
lifehacks,10-lifehakov-produktivnost-amazon.mdx,ru,10-lifehakov-produktivnost-amazon,/ru/lifehacks/10-lifehakov-produktivnost-amazon/,False,False,10 лайфхаков продуктивности для продавцов Amazon,0,0,,KEEP,editorial
lifehacks,10-productivity-hacks-for-amazon-sellers.md,en,10-productivity-hacks-for-amazon-sellers,/lifehacks/10-productivity-hacks-for-amazon-sellers/,False,False,10 Productivity Hacks for Amazon Sellers,2,0,13.5,KEEP,editorial
lifehacks,10-produktivitaetstipps-fuer-amazon-seller.mdx,de,10-produktivitaetstipps-fuer-amazon-seller,/de/lifehacks/10-produktivitaetstipps-fuer-amazon-seller/,False,False,10 Produktivitätstipps für Amazon-Seller aus der Praxis,4,0,53.5,KEEP,editorial
lifehacks,7-wege-amazon-fba-gebuehren-sparen.mdx,de,7-wege-amazon-fba-gebuehren-sparen,/de/lifehacks/7-wege-amazon-fba-gebuehren-sparen/,False,False,"7 Wege, Amazon FBA Gebühren zu senken und Marge zu retten",0,0,,KEEP,editorial
lifehacks,amazon-fba-versandkosten-senken-7-tricks.mdx,de,amazon-fba-versandkosten-senken-7-tricks,/de/lifehacks/amazon-fba-versandkosten-senken-7-tricks/,False,False,Amazon FBA Versandkosten senken: 7 Tricks aus der Praxis,2,0,8.0,KEEP,editorial
lifehacks,amazon-seller-central-30-minuten-tagescheck.mdx,de,amazon-seller-central-30-minuten-tagescheck,/de/lifehacks/amazon-seller-central-30-minuten-tagescheck/,False,False,Amazon Seller Central: der 30-Minuten-Tagescheck für FBA-Ver,0,0,,KEEP,editorial
lifehacks,amazon-seller-central-daily-check.mdx,en,amazon-seller-central-daily-check,/lifehacks/amazon-seller-central-daily-check/,False,False,Amazon Seller Central: The 30-Minute Daily Check,0,0,,KEEP,editorial
lifehacks,ekonomija-na-komissijach-amazon-fba.mdx,ru,ekonomija-na-komissijach-amazon-fba,/ru/lifehacks/ekonomija-na-komissijach-amazon-fba/,False,False,7 способов сэкономить на комиссиях Amazon FBA,0,0,,KEEP,editorial
lifehacks,ezhednevnaja-proverka-seller-central.mdx,ru,ezhednevnaja-proverka-seller-central,/ru/lifehacks/ezhednevnaja-proverka-seller-central/,False,False,Seller Central: ежедневная проверка за 30 минут,2,0,9.0,KEEP,editorial
lifehacks,reduce-amazon-fba-shipping-costs.mdx,en,reduce-amazon-fba-shipping-costs,/lifehacks/reduce-amazon-fba-shipping-costs/,False,False,Reduce Amazon FBA Shipping Costs: 7 Proven Tricks,9,0,53.8,KEEP,editorial
lifehacks,save-money-on-amazon-fba-fees.md,en,save-money-on-amazon-fba-fees,/lifehacks/save-money-on-amazon-fba-fees/,False,False,7 Ways to Save Money on Amazon FBA Fees,6,0,25.2,KEEP,editorial
